route_id,agency_id,route_short_name,route_long_name,route_desc,route_type,route_url,route_color,route_text_color
OCEDB-80194035-87213470,OCESN,"","Neustadt (Weinstr) Hbf - Wissembourg",,2,,,
OCEDB-80194324-87213470,OCESN,"","WINDEN PFALZ - Wissembourg",,2,,,
OCEDB-80194258-87213470,OCESN,"","Landau Hbf - Wissembourg",,2,,,
OCEDB-87212464-80191031,OCESN,"","Lauterbourg - WOERTH RHEIN",,2,,,
OCESN-87116137-87116160,OCESN,"","Longueville (S.-et-M.) - Provins",,3,,,
OCESN-87116301-87430819,OCESN,"","Coulommiers - La-Ferté-Gaucher-Centre",,3,,,
OCESN-87681007-87682005,OCESN,"","Corbeil-Essonnes - Melun",,3,,,
OCESN-87681007-87681635,OCESN,"","Corbeil-Essonnes - Coudray-Montceaux",,3,,,
OCESN-87681007-87681452,OCESN,"","Corbeil-Essonnes - La Ferté-Alais",,3,,,
OCESN-87734004-87722025,OCESN,"","Clermont-Ferrand - Lyon-Perrache",,2,,,
OCE1021888,OCESN,"","PARIS-DIJON - MULHOUSE - TER GRAND EST",,2,,,
OCESN-87444000-87571000,OCESN,"","Caen - Tours",,2,,,
OCESN-87641001-87576009,OCESN,"","Montluçon-Ville - Vierzon",,2,,,
OCESN-87113001-87118000,OCESN,"","Paris-Est - Troyes",,3,,,
OCE610,OCESN,"","Paris-Vaug. / Dreux / Argentan / Granville",,2,,,
OCE35,OCESN,"","Paris-Le Mans",,2,,,
OCE705741,OCESN,"","ORL-TOURS",,2,,,
OCESN-87722025-87571000,OCESN,"","Lyon-Perrache - Tours",,2,,,
OCESN-87722025-87694687,OCESN,"","Lyon-Perrache - Paray-le-Monial",,2,,,
OCE647,OCESN,"","Villefranche-La Tour de Carol",,2,,,
OCE655,OCESN,"","ROMANS/BRIANCON",,2,,,
OCESN-87763607-87761650,OCESN,"","Briançon - Romans-Bourg-de-Péage",,2,,,
OCESN-87763607-87751008,OCESN,"","Briançon - Marseille-St-Charles",,2,,,
OCESN-87763003-87751008,OCESN,"","Gap - Marseille-St-Charles",,2,,,
OCE685635,OCESN,"","IV Marseille - Nice - Menton - Vintimille",,2,,,
OCESN-87747006-87761007,OCESN,"","Grenoble - Valence-Ville",,2,,,
OCESN-87741009-87747006,OCESN,"","Chambéry-Chal.-les-Eaux - Grenoble",,2,,,
OCESN-87741009-87761007,OCESN,"","Chambéry-Chal.-les-Eaux - Valence-Ville",,2,,,
OCESN-87746008-87761007,OCESN,"","Annecy - Valence-Ville",,2,,,
OCESN-87746008-87747006,OCESN,"","Annecy - Grenoble",,2,,,
OCESN-87746008-87741009,OCESN,"","Annecy - Chambéry-Chal.-les-Eaux",,2,,,
OCESN-87746008-87765008,OCESN,"","Annecy - Avignon-Centre",,2,,,
OCESN-87745679-87747006,OCESN,"","Evian-les-Bains - Grenoble",,2,,,
OCESN-87745679-87761007,OCESN,"","Evian-les-Bains - Valence-Ville",,2,,,
OCE213,OCESN,"","Lyon - Grenoble",,2,,,
OCE160686,OCESN,"","Lyon - Marseille Multi Activités",,2,,,
OCE725905,OCESN,"","Paris Bercy - Dijon - Lyon (Multi-Activités)",,2,,,
OCE16635,OCESN,"","Lyon - (LTP) - Chambéry - Bourg-St-Maurice",,2,,,
OCE67,OCESN,"","Lyon - (LTP) - Chambéry - Modane",,2,,,
OCESN-87746008-87723197,OCESN,"","Annecy - Lyon-Part-Dieu",,2,,,
OCE16634,OCESN,"","Lyon - (LTP - AMB) - Chambéry",,2,,,
OCESN-87741009-87723197,OCESN,"","Chambéry-Chal.-les-Eaux - Lyon-Part-Dieu",,2,,,
OCE240,OCESN,"","Vallorcine - St-Gervais",,2,,,
OCE633121,OCESN,"","LILLE-TOURCOING-MOUSCRON",,2,,,
OCE697619,OCESN,"","LILLE-TOURNAI-ASCQ-ORCHIES",,2,,,
OCESN-87295063-87296012,OCESN,"","Hirson - Laon",,2,,,
OCESN-87672006-87671008,OCESN,"","Pau - Tarbes",,2,,,
OCESN-87586008-87595009,OCESN,"","Agen - Périgueux",,2,,,
OCESN-87581009-87595827,OCESN,"","Bordeaux-St-Jean - Sarlat",,2,,,
OCESN-87751008-87784009,OCESN,"","Marseille-St-Charles - Perpignan",,2,,,
OCESN-87756833-87756056,OCESN,"","Breil-sur-Roya - Nice-Ville",,2,,,
OCE325,OCESN,"","Saarbrücken-Forbach-Metz",,2,,,
OCE600929,OCESN,"","Cars Haguenau - Niederbronn - Bitche",,3,,,
OCE600930,OCESN,"","Cars Strasbourg -Haguenau",,3,,,
OCE600928,OCESN,"","Cars Haguenau - Wissembourg",,3,,,
OCE596931,OCESN,"","Cars Haguenau-Obermodern-Saverne",,3,,,
OCESN-87678680-87212225,OCESN,"","Haguenau-Moulin-Neuf. - Saverne",,3,,,
OCE476859,OCESN,"","Cars Strasbourg-Sélestat via Erstein",,3,,,
OCE616985,OCESN,"","Cars Colmar - Bollwiller - Mulhouse",,3,,,
OCE464859,OCESN,"","Cars Mommenheim-Bouxwiller",,3,,,
OCE600927,OCESN,"","Cars Strasbourg-Sarreguemines",,3,,,
OCE616988,OCESN,"","Cars Ingwiller - Wimmenau - Lichtenberg",,3,,,
OCE600931,OCESN,"","Cars Strasbourg - Saverne",,3,,,
OCE829898,OCESN,"","Cars Saverne - Lutzelbourg",,3,,,
OCE616987,OCESN,"","Cars Mulhouse - Kruth",,3,,,
OCE616984,OCESN,"","Cars Colmar - Munster - Metzeral",,3,,,
OCE472859,OCESN,"","Cars Sewen-Cernay",,3,,,
OCE616986,OCESN,"","Cars Mulhouse - St Louis - Bâle",,3,,,
OCE468860,OCESN,"","Cars Frohmuhl-Saverne",,3,,,
OCE468861,OCESN,"","Cars Saverne-Hattmatt",,3,,,
OCE600932,OCESN,"","Cars Strasbourg-Lauterbourg",,3,,,
OCE616989,OCESN,"","Cars Strasbourg - Barr - Sélestat",,3,,,
OCE616990,OCESN,"","Cars Strasbourg - Rothau - Saales",,3,,,
OCE596933,OCESN,"","Cars Mulhouse-Belfort",,3,,,
OCE528888,OCESN,"","Cars Sélestat - Ribeauvillé - (Riquewihr)",,3,,,
OCE468859,OCESN,"","Cars St-Dié-Ste Marie aux Mines-Sélestat",,3,,,
OCE16626,OCESN,"","Commentry / Montluçon / Vierzon / Bourges (ligne 11)",,2,,,
OCE416859,OCESN,"","Cars Clermont Fd / Le Mont Dore",,3,,,
OCE540928,OCESN,"","Cars  Gannat / Clermont Fd",,3,,,
OCE384863,OCESN,"","Neussargues / Aurillac / Brive (ligne 10)",,3,,,
OCE384864,OCESN,"","Aurillac / Figeac / Capdenac",,2,,,
OCE396880,OCESN,"","Cars Vichy / Montluçon",,3,,,
OCE572935,OCESN,"","Cars Clermont Fd / St Etienne",,3,,,
OCE384852,OCESN,"","Clermont Fd / Le Puy (ligne 3)",,2,,,
OCE384854,OCESN,"","Montluçon / Commentry / Gannat / Clermont Fd (ligne 8)",,2,,,
OCE384853,OCESN,"","Clermont Fd / Aurillac (ligne 2)",,2,,,
OCE532907,OCESN,"","Cars Clermont Fd / Arlanc",,3,,,
OCE384857,OCESN,"","Nevers / Moulins / St Germain / Riom / Clermont Fd (ligne 9)",,2,,,
OCE428859,OCESN,"","Cars Montluçon / Clermont Fd",,3,,,
OCE540929,OCESN,"","Cars Montluçon / St Amand",,3,,,
OCE540927,OCESN,"","Cars Montluçon / St Germain",,3,,,
OCESN-87641001-87732008,OCESN,"","Montluçon-Ville - Vichy",,3,,,
OCE424860,OCESN,"","Cars St Eloy / Montluçon",,3,,,
OCE432859,OCESN,"","Cars Lapeyrouse / St Eloy/St Gervais",,3,,,
OCE464860,OCESN,"","Cars Arvant / Millau",,3,,,
OCE460859,OCESN,"","Cars Clermont Fd / Mauriac",,3,,,
OCE432860,OCESN,"","Cars  St Gervais / Riom",,3,,,
OCE456859,OCESN,"","Cars Bort Les Orgues / Neussargues",,3,,,
OCE480859,OCESN,"","Cars Neussargues / St Chély d'Apcher",,3,,,
OCE480864,OCESN,"","Cars Vic Le Comte / Brioude",,3,,,
OCE484866,OCESN,"","Cars St Georges / Langeac",,3,,,
OCE484868,OCESN,"","Cars Arvant / Le Puy",,3,,,
OCE484887,OCESN,"","Cars Le Puy / Firminy",,3,,,
OCE532896,OCESN,"","Cars Ambert / Le Puy",,3,,,
OCE484888,OCESN,"","Cars Dunières / Firminy",,3,,,
OCE556927,OCESN,"","Cars Vichy / Arlanc",,3,,,
OCE452859,OCESN,"","Cars Laqueuille / Ussel",,3,,,
OCESN-87686576-87734475,OCESN,"","Noiretable-M-Morts - Thiers",,3,,,
OCE452861,OCESN,"","Cars Laqueuille / Le Mont Dore",,3,,,
OCE420859,OCESN,"","Cars Clermont Fd / Ussel",,3,,,
OCESN-87734004-87594093,OCESN,"","Clermont-Ferrand - Ussel",,3,,,
OCE725923,OCESN,"","Nevers - Luzy",,3,,,
OCE725924,OCESN,"","Le Creusot - Etang - Autun",,3,,,
OCE725930,OCESN,"","Nevers - Moulins",,3,,,
OCE725907,OCESN,"","Paray-le-Monial - Moulins-sur-Allier",,3,,,
OCE725908,OCESN,"","Digoin - Paray-le-Monial - Lozanne",,3,,,
OCE725918,OCESN,"","Seurre - Bourg-en-Bresse",,3,,,
OCE725916,OCESN,"","Auxerre - Avallon",,3,,,
OCE725915,OCESN,"","Auxerre - Clamecy - Corbigny",,3,,,
OCE869850,OCESN,"","Clamecy - Corbigny",,3,,,
OCESN-87476002-87476317,OCESN,"","Lorient - Quimperlé",,3,,,
OCESN-87414318-87397950,OCESN,"","Morlaix-Lycée-Corbière - Santec",,3,,,
OCESN-87474338-87474635,OCESN,"","Morlaix - Roscoff",,3,,,
OCESN-87474338-87397950,OCESN,"","Morlaix - Santec",,3,,,
OCESN-87473504-87414276,OCESN,"","Carhaix - Guiscriff-5-Chemins",,3,,,
OCESN-87473504-87474155,OCESN,"","Carhaix - Rosporden",,3,,,
OCESN-87473504-87473496,OCESN,"","Carhaix - Gourin",,3,,,
OCESN-87473504-87474676,OCESN,"","Carhaix - Scaer",,3,,,
OCESN-87481648-87471334,OCESN,"","Châteaubriant - Janzé",,3,,,
OCESN-87481648-87471359,OCESN,"","Châteaubriant - Retiers",,3,,,
OCESN-87471607-87478404,OCESN,"","Fougères - Laval",,3,,,
OCESN-87580944-87478404,OCESN,"","Fougères-Carnot - Laval",,3,,,
OCESN-87478164-87478073,OCESN,"","Dinan - Dol",,3,,,
OCE817875,OCESN,"","Valençay - Luçay le Male CAR",,3,,,
OCE817873,OCESN,"","Salbris - Valençay",,3,,,
OCESN-87173401-87108829,OCESN,"","La Ferté-sur-Chiers - Sedan-Place-Calonne",,3,,,
OCE701659,OCESN,"","CGV-SEDAN",,2,,,
OCESN-87174003-87175778,OCESN,"","Châlons-en-Champagne - Verdun",,3,,,
OCESN-87175000-87174276,OCESN,"","St-Dizier - Vitry-le-François",,3,,,
OCESN-87175091-87175000,OCESN,"","Joinville - St-Dizier",,3,,,
OCESN-87142000-87175091,OCESN,"","Chaumont - Joinville",,3,,,
OCESN-87142000-87175000,OCESN,"","Chaumont - St-Dizier",,3,,,
OCESN-87142000-87338129,OCESN,"","Chaumont - Langres-Gendarmerie",,3,,,
OCESN-87142000-87118000,OCESN,"","Chaumont - Troyes",,3,,,
OCESN-87118299-87215582,OCESN,"","Bar-sur-Aube - Ville-sous-La-Ferté",,3,,,
OCESN-87118299-87118000,OCESN,"","Bar-sur-Aube - Troyes",,3,,,
OCESN-87118000-87118257,OCESN,"","Troyes - Vendeuvre (Aube)",,3,,,
OCESN-87118257-87215582,OCESN,"","Vendeuvre (Aube) - Ville-sous-La-Ferté",,3,,,
OCESN-87118299-87118257,OCESN,"","Bar-sur-Aube - Vendeuvre (Aube)",,3,,,
OCESN-87118158-87118000,OCESN,"","Romilly-sur-Seine - Troyes",,3,,,
OCESN-87142000-87215582,OCESN,"","Chaumont - Ville-sous-La-Ferté",,3,,,
OCESN-87279877-87142000,OCESN,"","Bricon(la Poste) - Chaumont",,3,,,
OCESN-87683318-87118000,OCESN,"","St-Florentin-Vergigny - Troyes",,3,,,
OCESN-87683268-87118000,OCESN,"","Laroche-Migennes - Troyes",,3,,,
OCESN-87118091-87118000,OCESN,"","St-Mesmin - Troyes",,3,,,
OCESN-87118190-87118158,OCESN,"","Nogent-sur-Seine - Romilly-sur-Seine",,3,,,
OCESN-87172007-87295063,OCESN,"","Charleville-Mézières - Hirson",,3,,,
OCE488859,OCESN,"","Aillevillers-Belfort",,3,,,
OCE512869,OCESN,"","Besançon-Le Locle",,3,,,
OCE516894,OCESN,"","Dole-Saint Claude",,3,,,
OCE516889,OCESN,"","Besançon-Mouchard-Lons Le Saunier",,3,,,
OCE512871,OCESN,"","Frasne-Pontarlier",,3,,,
OCE516880,OCESN,"","Frasne-Vallorbe",,3,,,
OCE140665,OCESN,"","ligne routière Alès Nîmes",,3,,,
OCE140664,OCESN,"","ligne routière Nîmes Le Grau du Roi",,3,,,
OCE140660,OCESN,"","ligne routière La Bastide Langogne Mende",,3,,,
OCE140658,OCESN,"","ligne routière Montpellier Millau St Affrique",,3,,,
OCE140657,OCESN,"","ligne routière St Chély Millau",,3,,,
OCE140656,OCESN,"","ligne routière Mende Clermont Ferrand",,3,,,
OCE140661,OCESN,"","ligne routière Mende Le Puy",,3,,,
OCE140659,OCESN,"","ligne routière Mende Marvejols St chély",,3,,,
OCE140662,OCESN,"","ligne routière Carcassonne Quillan",,3,,,
OCE144650,OCESN,"","ligne routière Béziers Bédarieux",,3,,,
OCE532920,OCESN,"","Montluçon - Guéret",,3,,,
OCE532923,OCESN,"","Ussel - Brive",,3,,,
OCE572944,OCESN,"","Ussel - Bort les Orgues",,3,,,
OCE1157946,OCESN,"","car CULMONT CHALINDREY NANCY",,3,,,
OCE629078,OCESN,"","Car SARREGUEMINES - BENING",,3,,,
OCE625078,OCESN,"","Car SARREBOURG-IGNEY AVRICOURT-LUNEVILLE",,3,,,
OCE629083,OCESN,"","Car LONGWY - LONGUYON",,3,,,
OCE637120,OCESN,"","Car LONGUYON - MONTMEDY",,3,,,
OCE637181,OCESN,"","Car SARREBOURG - MORHANGE",,3,,,
OCE625077,OCESN,"","Car REMILLY - MORHANGE",,3,,,
OCE637164,OCESN,"","Car NANCY - NEUFCHATEAU",,3,,,
OCE637174,OCESN,"","Car CREUTZWALD - THIONVILLE",,3,,,
OCE621078,OCESN,"","Car THIONVILLE - APACH",,3,,,
OCE637136,OCESN,"","Car SARREBOURG - SARREGUEMINES",,3,,,
OCE637111,OCESN,"","Car NANCY - METZ",,3,,,
OCE180690,OCESN,"","Bus 4706+4708 Gaillac Laguépie Figeac",,3,,,
OCE180687,OCESN,"","Bus 4709 4711 Toulouse Albi Carmaux Rodez",,3,,,
OCE180691,OCESN,"","Bus 4705 (TE) Villefranche de R (FIG) (BLG) Aubin Viviez Decazeville Rodez",,3,,,
OCE180689,OCESN,"","Bus 4710 4707 (Brive) Gramat Figeac Rodez",,3,,,
OCE180696,OCESN,"","Bus 4703 4702 4701 (TE) Montauban Cahors Brive",,3,,,
OCE180697,OCESN,"","Bus 4713 (TE) Castelsarrasin Agen",,3,,,
OCE180698,OCESN,"","Bus 4712 Toulouse Mazamet",,3,,,
OCE180694,OCERRR MidiPy,"","Bus 4726 4724 1240 4723 4727 1260 4728 Toulouse -LNN SSTL- Luchon Pau",,3,,,
OCESN-87671123-87671008,OCESN,"","Lannemezan - Tarbes",,3,,,
OCE180695,OCESN,"","Bus 4733 4734 Toulouse Ax - Foix Tarascon Latour de Carol",,3,,,
OCE180688,OCESN,"","Bus 4736 Rodez Séverac Millau St Rome de Cernon",,3,,,
OCE180692,OCESN,"","Bus 4737 (TE) Souillac (BLG) (RDZ) St Denis Près Martel (BLG)",,3,,,
OCE873870,OCESN,"","CAR-BUSIGNY-AULNOYE-JEUMONT(p)",,3,,,
OCE873866,OCESN,"","CAR-LILLE-DON-BETHUNE-ST POL",,3,,,
OCE873871,OCESN,"","LILLE-DOUAI-VALENCIENNES-CAMBRAI",,3,,,
OCE873861,OCESN,"","CAR-RANG DU FLIERS-CALAIS",,3,,,
OCE368849,OCESN,"","Autocars Lison / St-Lô / Coutances / Folligny / Granville / Pontorson",,3,,,
OCESN-87447680-87447003,OCESN,"","Granville - St-Lô",,3,,,
OCE372846,OCESN,"","Autocars Argentan / Briouze / Bagnoles / Flers / Vire / Folligny / Granville",,3,,,
OCE587,OCESN,"","Le Mans / Alençon / Argentan  / Caen",,2,,,
OCE372847,OCESN,"","Autocars L'Aigle / Surdon / Alençon",,3,,,
OCE583,OCESN,"","Lisieux / Trouville-Deauville / Dives-Cabourg",,2,,,
OCE616,OCESN,"","Rouen R.D. / Caen",,2,,,
OCE637207,OCESN,"","FECAMP BREAUTE ROUTIER REGULIER",,3,,,
OCE829858,OCESN,"","Cars Reguliers L 11  (Nantes - St Gilles Croix de Vie)",,3,,,
OCE829852,OCESN,"","Cars Reguliers L 06  (Nantes - Clisson - Cholet)",,3,,,
OCESN-87486019-87486449,OCESN,"","La Roche-sur-Yon - Les Sables-d'Olonne",,3,,,
OCESN-87396036-87396044,OCESN,"","La Guierche - Montbizot",,3,,,
OCE527,OCESN,"","[HDF01] AMIENS - ALBERT",,2,,,
OCESN-87171330-87116673,OCESN,"","Fismes - La Ferté-Milon",,3,,,
OCESN-87171330-87171371,OCESN,"","Fismes - Fère-en-Tardenois",,3,,,
OCESN-87171371-87116673,OCESN,"","Fère-en-Tardenois - La Ferté-Milon",,3,,,
OCE685639,OCESN,"","[HDF15C] BUSIGNY - ST QUENTIN / CAR",,3,,,
OCE685645,OCESN,"","[HDF28C] CREIL - BEAUVAIS /CAR",,3,,,
OCESN-87313510-87276006,OCESN,"","Beauvais-Gare-SNCF - Creil",,3,,,
OCE685640,OCESN,"","[HDF19C] LAON - HIRSON / CAR",,3,,,
OCE685648,OCESN,"","[HDF32C] ABBEVILLE - LE TREPORT / CAR",,3,,,
OCESN-87317362-87313874,OCESN,"","Abbeville - Amiens",,2,,,
OCE685647,OCESN,"","[HDF02C] ABBEVILLE - RUE / CAR",,3,,,
OCE685642,OCESN,"","[HDF24C] COMPIEGNE - TERGNIER /CAR",,3,,,
OCESN-87313759-87313510,OCESN,"","Abancourt - Beauvais-Gare-SNCF",,3,,,
OCE685646,OCESN,"","[HDF30C] BEAUVAIS - LE TREPORT / CAR",,3,,,
OCE641480,OCESN,"","Châtellerault - Poitiers",,3,,,
OCE641479,OCESN,"","Niort - Mauzé",,3,,,
OCE1206009,OCESN,"","NIORT PRISSE LA CHARRIERE",,3,,,
OCE592927,OCESN,"","Cars Réguliers Bressuire - Saumur",,3,,,
OCE572937,OCESN,"","Cars Réguliers Saumur - Les Sables d'Olonne",,3,,,
OCE140637,OCESN,"","Cars Annecy - Genève",,3,,,
OCE496868,OCESN,"","Cars Lyon - Bellegarde - Genève",,3,,,
OCE156699,OCESN,"","Cars Lyon - (LTP - AMB) - Chambéry",,3,,,
OCE156687,OCESN,"","Cars Lyon - Annecy",,3,,,
OCE252843,OCESN,"","Cars Grenoble - Valence",,3,,,
OCE252844,OCESN,"","Cars Grenoble - Chambery",,3,,,
OCE160697,OCESN,"","Cars Lyon - Grenoble",,3,,,
OCE697634,OCESN,"","Cars Lyon - St Etienne",,3,,,
OCESN-87697128-87726000,OCESN,"","Lyon-Part-Dieu-Gare-Rou - St-Etienne-Châteaucreux",,3,,,
OCE160703,OCESN,"","Cars Ambérieu - Bourg-en-Bresse",,3,,,
OCE232739,OCESN,"","Cars Lyon St Paul - Lozanne",,3,,,
OCE156701,OCESN,"","Cars Roanne - Lyon",,3,,,
OCE144649,OCESN,"","Cars Lyon - Lozanne - Paray-Le-Monial",,3,,,
OCE156704,OCESN,"","Cars Clermont-Fd - Montbrison - St-Etienne",,3,,,
OCE941884,OCESN,"","Cars Valence - Die",,3,,,
OCE140639,OCESN,"","Cars Grenoble - Annemasse - Evian",,3,,,
OCE260844,OCESN,"","Cars Valence - St-Etienne",,3,,,
OCE140640,OCESN,"","Cars Lyon - Chamonix",,3,,,
OCE140642,OCESN,"","Cars Modane - Grenoble",,3,,,
OCE140641,OCESN,"","Cars Grenoble - Annonay",,3,,,
OCE140638,OCESN,"","Cars Grenoble - Chamonix",,3,,,
OCE496863,OCESN,"","Cars Grenoble - Aubenas",,3,,,
OCE140643,OCESN,"","Cars Bourg-St-Maurice - Grenoble",,3,,,
OCE140644,OCESN,"","Cars Chambéry - Chamonix",,3,,,
OCE140645,OCESN,"","Cars Chambéry - Annecy - Evians",,3,,,
OCE140647,OCESN,"","Cars Bourg-en-Bresse - Chambéry",,3,,,
OCESN-87697128-87715441,OCESN,"","Lyon-Part-Dieu-Gare-Rou - Morez",,3,,,
OCESN-87697128-87743534,OCESN,"","Lyon-Part-Dieu-Gare-Rou - Oyonnax",,3,,,
OCESN-87697128-87743633,OCESN,"","Lyon-Part-Dieu-Gare-Rou - St-Claude",,3,,,
OCE156695,OCESN,"","Cars St-Claude - Oyonnax - Bourg - Lyon",,3,,,
OCE160693,OCESN,"","Cars (Aix) - Chambéry- Bourg-St-Maurice",,3,,,
OCE140636,OCESN,"","Cars Bellegarde - Chamonix",,3,,,
OCE160699,OCESN,"","Cars Bellegarde - Evian",,3,,,
OCESN-87131961-87697128,OCESN,"","Brion-Montréal-La Cluse - Lyon-Part-Dieu-Gare-Rou",,3,,,
OCESN-87745000-87745679,OCESN,"","Bellegarde-Gare - Evian-les-Bains",,2,,,
OCE232738,OCESN,"","Cars Mâcon - Lyon",,3,,,
OCESN-87478164-87473009,OCESN,"","Dinan - St-Brieuc",,3,,,
OCESN-87478164-87473108,OCESN,"","Dinan - Lamballe",,3,,,
OCESN-87476689-87476671,OCESN,"","Malansac - Questembert",,3,,,
OCESN-87471219-87471201,OCESN,"","Beslé - Fougeray-Langon",,3,,,
OCESN-87476671-87471300,OCESN,"","Questembert - Redon",,3,,,
OCESN-87718304-87718320,OCESN,"","Franois - St-Vit",,7,,,
OCESN-87713347-87713339,OCESN,"","Auxonne - Villers-les-Pots",,7,,,
OCESN-87713313-87712182,OCESN,"","Genlis - Neuilly-lès-Dijon",,7,,,
OCESN-87713040-87712182,OCESN,"","Dijon-Ville - Neuilly-lès-Dijon",,7,,,
OCE873863,OCESN,"","CAR-LILLE-CALAIS",,3,,,
OCE873859,OCESN,"","CAR-LILLE-DUNKERQUE",,3,,,
OCE873867,OCESN,"","CAR-LILLE-VALENCIENNES-AULNOYE-JEUMONT-VALENCIENNES-CAMBRAI",,3,,,
OCE873857,OCESN,"","CAR-ARRAS-HAZEBROUCK-DUNKERQUE",,3,,,
OCE873865,OCESN,"","CAR-ARRAS-ST POL-ETAPLE-CALAIS",,3,,,
OCE873873,OCESN,"","CAR-BUSIGNY-CAMBRAI-DOUAI-LILLE",,3,,,
OCESN-87295600-87296244,OCESN,"","Aulnoye Aymeries - Busigny",,3,,,
OCE873862,OCESN,"","CAR-AMIENS-BOULOGNE-CALAIS (Multi)",,3,,,
OCESN-87295600-87295006,OCESN,"","Aulnoye Aymeries - Maubeuge",,3,,,
OCE873868,OCESN,"","CAR-LILLE-VALENCIENNES-AULNOYE-HIRSON",,3,,,
OCESN-87295600-87295014,OCESN,"","Aulnoye Aymeries - Jeumont",,3,,,
OCESN-87295600-87295063,OCESN,"","Aulnoye Aymeries - Hirson",,3,,,
OCESN-87345025-87286005,OCESN,"","Lens - Lille Flandres",,2,,,
OCESN-87345009-87343004,OCESN,"","Douai - Valenciennes",,2,,,
OCESN-87345520-87343004,OCESN,"","Cambrai Ville - Valenciennes",,2,,,
OCESN-87286872-87286005,OCESN,"","Baisieux - Lille Flandres",,3,,,
OCESN-87286302-87286005,OCESN,"","Hazebrouck - Lille Flandres",,3,,,
OCE156689,OCESN,"","Cars Lyon - Ambérieu - St Rambert en B",,3,,,
OCE164703,OCESN,"","Cars Lyon - Bourg-en-Bresse (via Villars)",,3,,,
OCE156693,OCESN,"","Cars Macon - Bourg-en-Bresse",,3,,,
OCE164707,OCESN,"","Cars Grenoble - Gap - Briancon",,3,,,
OCE168688,OCESN,"","Cars Lyon St-Paul - Sain Bel",,3,,,
OCE156710,OCESN,"","Cars Villefranche - Lyon - Vienne",,3,,,
OCE160691,OCESN,"","Cars Chambéry - Modane",,3,,,
OCE156697,OCESN,"","Cars Ambérieu - Chambéry",,3,,,
OCE629126,OCESN,"","Cars St Priest - St Pierre de Chandieu",,3,,,
OCE156691,OCESN,"","Cars Roanne - St-Etienne",,3,,,
OCESN-87741132-87741009,OCESN,"","Aix-les-Bains-le-Revard - Chambéry-Chal.-les-Eaux",,3,,,
OCE140635,OCESN,"","Cars Chambéry - Aix-Les-Bains - Annecy",,3,,,
OCE629127,OCESN,"","Cars Communay Sérézin",,3,,,
OCE817850,OCESN,"","Tours - Chinon CAR",,3,,,
OCE817851,OCESN,"","Tours - Chateau du Loir CAR",,3,,,
OCE817860,OCESN,"","Droué-Courtalain-Chartres CAR",,3,,,
OCE817871,OCESN,"","Mondoubleau - Vendome CAR",,3,,,
OCE817869,OCESN,"","Aubigny - Gien CAR",,3,,,
OCE817859,OCESN,"","Montargis - Gien CAR",,3,,,
OCE817868,OCESN,"","Sancerre - Cosne CAR",,3,,,
OCE817857,OCESN,"","Bourges - St Amand CAR",,3,,,
OCE817870,OCESN,"","Bourges - Issoudun - Châteauroux CAR",,3,,,
OCE817858,OCESN,"","Vierzon - Issoudun CAR",,3,,,
OCE817866,OCESN,"","Châteauroux - Le Blanc - Poitiers CAR",,3,,,
OCE817862,OCESN,"","Nouan - Lamotte - Romorantin CAR",,3,,,
OCE817865,OCESN,"","Eguzon - Argenton - Châteauroux CAR",,3,,,
OCE817863,OCESN,"","Thésée - St Aignan - Romorantin CAR",,3,,,
OCESN-87402008-87328195,OCESN,"","Romorantin-BA-G.R. - Thesee",,3,,,
OCE817853,OCESN,"","Tours - Loches CAR",,3,,,
OCE817854,OCESN,"","Loches - Chateauroux CAR",,3,,,
OCE817855,OCESN,"","Tours - Chateauroux CAR",,3,,,
OCE817848,OCESN,"","Les Aubrais - Blois - Tours CAR",,3,,,
OCE817876,OCESN,"","Romorantin - Vierzon CAR",,3,,,
OCE817861,OCESN,"","Dourdan - Chateaudun CAR",,3,,,
OCE817867,OCENI,"","Tours - Vendôme - Chateaudun - Chartres CAR",,3,,,
OCE817872,OCESN,"","Chateau Renault - Vendome CAR",,3,,,
OCE637179,OCESN,"","Car EPINAL-MIRECOURT-CONTREX-NEUFCHATEAU",,3,,,
OCE637180,OCESN,"","Car BRUYERES - LUNEVILLE",,3,,,
OCE637171,OCESN,"","Car LA BRESSE - REMIREMONT",,3,,,
OCE637135,OCESN,"","Car METZ - LONGWY",,3,,,
OCE637148,OCESN,"","Car BUSSANG - REMIREMONT",,3,,,
OCE637145,OCESN,"","Car THIONVILLE - AUDUN LE ROMAN",,3,,,
OCE637137,OCESN,"","Car BITCHE - SARREGUEMINES",,3,,,
OCE637138,OCESN,"","Car LUTZELBOURG - SARREBOURG",,3,,,
OCE637144,OCESN,"","Car METZ - VERDUN",,3,,,
OCESN-87783001-87613422,OCERRR MidiPy,"","Millau - Rodez",,3,,,
OCESN-87575084-87487009,OCESN,"","Loudun - Thouars",,2,,,
OCESN-87571687-87487009,OCESN,"","Chinon - Thouars",,2,,,
OCESN-87571687-87575084,OCESN,"","Chinon - Loudun",,2,,,
OCESN-87317586-87223263,OCESN,"","Boulogne Ville - Lille Europe",,2,,,
OCESN-87281006-87223263,OCESN,"","Dunkerque - Lille Europe",,2,,,
OCESN-87223263-87317057,OCESN,"","Lille Europe - Rang du Fl. Verton Ber.",,2,,,
OCE597,OCESN,"","Woerth - Lauterbourg - Strasbourg",,2,,,
OCE685637,OCESN,"","Les Arcs - Vintimille",,2,,,
OCESN-87193615-87212027,OCESN,"","Sarreguemines - Strasbourg",,2,,,
OCESN-80253914-87212027,OCESN,"","Saarbrucken-Hbf - Strasbourg",,2,,,
OCESN-87212142-87212027,OCESN,"","Mommenheim - Strasbourg",,2,,,
OCESN-87192039-80251819,OCESN,"","Metz-Ville - Trier-Hbf",,2,,,
OCESN-87191007-80251819,OCESN,"","Thionville - Trier-Hbf",,2,,,
OCESN-87191643-87192039,OCESN,"","Apach (Moselle) - Metz-Ville",,2,,,
OCESN-87191643-87191007,OCESN,"","Apach (Moselle) - Thionville",,2,,,
OCE324,OCESN,"","Luxembourg-Longwy-Nancy",,2,,,
OCESN-87781005-87773002,OCESN,"","Béziers - Montpellier-Saint-Roch",,2,,,
OCE626,OCESN,"","Avignon-Port Bou",,2,,,
OCE577,OCESN,"","Strasbourg - Offenburg",,2,,,
OCE16630,OCESN,"","Mulhouse ville Freiburg",,2,,,
OCESN-82001000-87141002,OCESN,"","Luxembourg - Nancy-Ville",,2,,,
OCESN-82001000-87192039,OCESN,"","Luxembourg - Metz-Ville",,2,,,
OCESN-87192039-87141002,OCESN,"","Metz-Ville - Nancy-Ville",,2,,,
OCE323,OCESN,"","Luxembourg-Metz-Nancy",,2,,,
OCESN-87781104-71793150,OCESN,"","Narbonne - Port-Bou",,2,,,
OCESN-87773002-71793150,OCESN,"","Montpellier-Saint-Roch - Port-Bou",,2,,,
OCE200733,OCESN,"","Mulhouse - Bâle Omnibus",,2,,,
OCE200734,OCESN,"","Strasbourg - Mulhouse - Bâle",,2,,,
OCE367,OCESN,"","Besançon - Morteau - la Chaux de Fonds",,2,,,
OCESN-87718007-85043141,OCESN,"","Besançon-Viotte - La Chaux-de-Fonds",,2,,,
OCESN-87715003-85011031,OCESN,"","Pontarlier - Vallorbe-Cff",,2,,,
OCE368,OCESN,"","Dole Pontarlier -Besançon Dole St Claude",,2,,,
OCESN-85010082-87722025,OCESN,"","Genève - Lyon-Perrache",,2,,,
OCESN-85010082-87723197,OCESN,"","Genève - Lyon-Part-Dieu",,2,,,
OCE49,OCESN,"","Lyon - Bellegarde - Evian - St-Gervais",,2,,,
OCESN-87723197-87746479,OCESN,"","Lyon-Part-Dieu - St-Gervais-L-B-Le-Fayet",,2,,,
OCESN-87745679-87723197,OCESN,"","Evian-les-Bains - Lyon-Part-Dieu",,2,,,
OCESN-87745000-87723197,OCESN,"","Bellegarde-Gare - Lyon-Part-Dieu",,2,,,
OCESN-85010082-87747006,OCESN,"","Genève - Grenoble",,2,,,
OCESN-85010082-87761718,OCESN,"","Genève - St-Marcellin",,2,,,
OCESN-85010082-87761007,OCESN,"","Genève - Valence-Ville",,2,,,
OCE222,OCESN,"","Bellegarde - Genève",,2,,,
OCE50,OCESN,"","Lyon - Genève",,2,,,
OCE413,OCESN,"",""TOURS-ST PIERRE ""NAVETTES TGV"""",,7,,,
OCESN-87116582-87113001,OCESN,"","Château-Thierry - Paris-Est",,2,,,
OCESN-87182014-87182816,OCESN,"","Colmar - Metzeral",,3,,,
OCESN-80142927-87212027,OCESN,"","Kehl - Strasbourg",,3,,,
OCESN-87184002-87182063,OCESN,"","Belfort-Ville - Mulhouse",,3,,,
OCE777849,OCESN,"","Cars Travaux Strasbourg - Molsheim - Rothau - Saales - St Dié",,3,,,
OCESN-87182014-87182394,OCESN,"","Colmar - Munster",,3,,,
OCE629111,OCESN,"","Bordeaux - Hendaye - Irun",,2,,,
OCE629097,OCESN,"","Brive - Périgeux - Bordeaux",,2,,,
OCESN-87584268-87584052,OCESN,"","Bergerac - Libourne",,3,,,
OCESN-87584268-87595827,OCESN,"","Bergerac - Sarlat",,3,,,
OCESN-87576322-87641357,OCESN,"","St-Amand-Montrond-Orval - Vallon-en-Sully",,3,,,
OCESN-87641001-87734053,OCESN,"","Montluçon-Ville - Riom-Châtel-Guyon",,3,,,
OCESN-87395814-87641001,OCESN,"","Clermont-Paulines - Montluçon-Ville",,3,,,
OCESN-87641415-87641001,OCESN,"","Commentry - Montluçon-Ville",,3,,,
OCESN-87395814-87734475,OCESN,"","Clermont-Paulines - Thiers",,3,,,
OCESN-87645002-87594572,OCESN,"","Aurillac - St-Denis-près-Martel",,3,,,
OCESN-87645002-87594002,OCESN,"","Aurillac - Brive-la-Gaillarde",,2,,,
OCE726008,OCESN,"","Dijon - Nevers",,2,,,
OCE725925,OCESN,"","Decize - Nevers - Cosne",,2,,,
OCE725913,OCESN,"","Paris Bercy - Auxerre - Morvan",,2,,,
OCESN-87683268-87682302,OCESN,"","Laroche-Migennes - Montereau",,3,,,
OCESN-87682302-87683003,OCESN,"","Montereau - Sens",,3,,,
OCE725919,OCESN,"","Dijon - Bourg en Bresse (Multi-Activités)",,2,,,
OCE909879,OCESN,"","Is-sur-Tille - Dijon - Les-Laumes",,2,,,
OCESN-87471003-87473009,OCESN,"","Rennes - St-Brieuc",,3,,,
OCESN-87474098-87476606,OCESN,"","Quimper - Vannes",,3,,,
OCESN-87476002-87474098,OCESN,"","Lorient - Quimper",,3,,,
OCESN-87476002-87474155,OCESN,"","Lorient - Rosporden",,3,,,
OCESN-87471300-87476606,OCESN,"","Redon - Vannes",,3,,,
OCESN-87476002-87476606,OCESN,"","Lorient - Vannes",,3,,,
OCESN-87476002-87471300,OCESN,"","Lorient - Redon",,3,,,
OCE3,OCESN,"","Châteaubriant - Rennes",,2,,,
OCESN-87571000-87576009,OCESN,"","Tours - Vierzon",,2,,,
OCESN-87576207-87576322,OCESN,"","Bourges - St-Amand-Montrond-Orval",,2,,,
OCESN-87543017-87571000,OCESN,"","Aubrais-(les) - Tours",,3,,,
OCESN-87576207-87641001,OCESN,"","Bourges - Montluçon-Ville",,2,,,
OCESN-87543017-87543066,OCESN,"","Aubrais-(les) - Château-Gaillard",,3,,,
OCE1041885,OCESN,"","PARIS-CHARTRES-NOGENT",,2,,,
OCESN-87394007-87394296,OCESN,"","Chartres - Nogent-le-Rotrou",,3,,,
OCESN-87394007-87393314,OCESN,"","Chartres - Rambouillet",,3,,,
OCESN-87142000-87113001,OCESN,"","Chaumont - Paris-Est",,3,,,
OCESN-87142125-87118000,OCESN,"","Culmont-Chalindrey - Troyes",,3,,,
OCESN-87713040-87118000,OCESN,"","Dijon-Ville - Troyes",,3,,,
OCESN-87182238-87182063,OCESN,"","Altkirch - Mulhouse",,3,,,
OCESN-87142125-87182063,OCESN,"","Culmont-Chalindrey - Mulhouse",,3,,,
OCESN-87174003-87116582,OCESN,"","Châlons-en-Champagne - Château-Thierry",,3,,,
OCESN-87175042-87171553,OCESN,"","Bar-le-Duc - Epernay",,3,,,
OCESN-87171553-87175000,OCESN,"","Epernay - St-Dizier",,3,,,
OCESN-87174003-87171512,OCESN,"","Châlons-en-Champagne - Dormans",,3,,,
OCESN-87175042-87174003,OCESN,"","Bar-le-Duc - Châlons-en-Champagne",,3,,,
OCESN-87171512-87171553,OCESN,"","Dormans - Epernay",,3,,,
OCESN-87615286-87615039,OCESN,"","Carcassonne - Castelnaudary",,3,,,
OCE116623,OCESN,"","LIMOGES - POITIERS",,2,,,
OCESN-87597849-87597609,OCESN,"","Felletin-Gare - Guéret",,2,,,
OCESN-87193003-87192039,OCESN,"","Forbach - Metz-Ville",,3,,,
OCESN-87194274-87194001,OCESN,"","Longuyon - Longwy",,3,,,
OCESN-87144006-87144014,OCESN,"","Epinal - St-Dié-des-Vosges",,3,,,
OCESN-87194001-87111567,OCESN,"","Longwy - Rodange.",,3,,,
OCESN-87193250-80253914,OCESN,"","Bening - Saarbrucken-Hbf",,3,,,
OCESN-87192039-80253914,OCESN,"","Metz-Ville - Saarbrucken-Hbf",,3,,,
OCESN-87194001-87141002,OCESN,"","Longwy - Nancy-Ville",,3,,,
OCESN-87193250-87193615,OCESN,"","Bening - Sarreguemines",,3,,,
OCE357,OCESN,"","Neufchâteau-Toul-Nancy",,2,,,
OCESN-87141291-87141044,OCESN,"","Neufchâteau - Toul",,3,,,
OCESN-87192666-87194001,OCESN,"","Conflans-Jarny - Longwy",,3,,,
OCE356,OCESN,"","Pont-St-Vincent- Nancy",,2,,,
OCESN-87175042-87192039,OCESN,"","Bar-le-Duc - Metz-Ville",,3,,,
OCE358,OCESN,"","Remiremont-Epinal-Nancy-lux",,2,,,
OCESN-87175042-87141002,OCESN,"","Bar-le-Duc - Nancy-Ville",,3,,,
OCESN-87141002-87144451,OCESN,"","Nancy-Ville - Remiremont",,3,,,
OCESN-87174003-87192039,OCESN,"","Châlons-en-Champagne - Metz-Ville",,3,,,
OCESN-87144006-87144451,OCESN,"","Epinal - Remiremont",,3,,,
OCESN-87192039-87175778,OCESN,"","Metz-Ville - Verdun",,2,,,
OCESN-87192658-87141002,OCESN,"","Baroncourt - Nancy-Ville",,3,,,
OCESN-87192666-87175778,OCESN,"","Conflans-Jarny - Verdun",,3,,,
OCESN-87192666-87191114,OCESN,"","Conflans-Jarny - Hagondange",,3,,,
OCESN-87191114-87175778,OCESN,"","Hagondange - Verdun",,3,,,
OCESN-87192666-87192039,OCESN,"","Conflans-Jarny - Metz-Ville",,3,,,
OCESN-87141002-87144014,OCESN,"","Nancy-Ville - St-Dié-des-Vosges",,3,,,
OCESN-87175042-87175018,OCESN,"","Bar-le-Duc - Revigny",,3,,,
OCE200740,OCESN,"","Strasbourg - Metz",,2,,,
OCESN-87141002-87175778,OCESN,"","Nancy-Ville - Verdun",,2,,,
OCESN-87783001-87783365,OCESN,"","Millau - Séverac-D'Aveyron",,3,,,
OCESN-87611095-87671008,OCESN,"","Boussens - Tarbes",,3,,,
OCESN-87672006-87611004,OCESN,"","Pau - Toulouse-Matabiau",,3,,,
OCESN-87611095-87672006,OCESN,"","Boussens - Pau",,3,,,
OCESN-87671008-87611004,OCESN,"","Tarbes - Toulouse-Matabiau",,3,,,
OCESN-87611095-87611152,OCESN,"","Boussens - Montréjeau-Gourdan-Pol.",,3,,,
OCESN-87611095-87671339,OCESN,"","Boussens - Lourdes",,3,,,
OCESN-87611095-87671123,OCESN,"","Boussens - Lannemezan",,3,,,
OCESN-87672139-87672006,OCESN,"","Coarraze-Nay - Pau",,3,,,
OCESN-87317586-87317263,OCESN,"","Boulogne Ville - Calais Ville",,2,,,
OCESN-87317263-87281006,OCESN,"","Calais Ville - Dunkerque",,3,,,
OCESN-87317263-87317057,OCESN,"","Calais Ville - Rang du Fl. Verton Ber.",,2,,,
OCE585,OCESN,"","Caen / Rennes",,3,,,
OCE517,OCESN,"","Rouen Serqueux (Gisors) Amiens Lille (Le Tréport)",,2,,,
OCE697624,OCESN,"","ROUEN-AMIENS-DOUAI-LILLE (Multi)",,2,,,
OCE531,OCESN,"","[HDF25] AMIENS - TERGNIER - LAON - ST QUENTIN",,2,,,
OCESN-87313874-87276006,OCESN,"","Amiens - Creil",,3,,,
OCE128628,OCESN,"","[HDF27] PARIS - AMIENS",,2,,,
OCESN-87491803-87491001,OCESN,"","Royan - Saintes",,3,,,
OCE705965,OCESN,"","MARSEILLE/AVIGNON/ORANGE via RGC, ARS et CNV",,2,,,
OCE216736,OCESN,"","CARPENTRAS / AVIGNON TGV",,2,,,
OCESN-87751008-87755009,OCESN,"","Marseille-St-Charles - Toulon",,3,,,
OCESN-87751750-87751008,OCESN,"","Aubagne - Marseille-St-Charles",,3,,,
OCESN-87751776-87751008,OCESN,"","Cassis - Marseille-St-Charles",,3,,,
OCESN-87755447-87755009,OCESN,"","Les Arcs-Draguignan - Toulon",,3,,,
OCESN-87755371-87755009,OCESN,"","Carnoules - Toulon",,3,,,
OCESN-87755447-87751008,OCESN,"","Les Arcs-Draguignan - Marseille-St-Charles",,3,,,
OCE889861,OCESN,"","Cars travaux ROA - SE",,3,,,
OCESN-87723197-87761007,OCESN,"","Lyon-Part-Dieu - Valence-Ville",,3,,,
OCE889872,OCESN,"","Cars travaux GE - VCE (61)",,3,,,
OCESN-87761718-87761007,OCESN,"","St-Marcellin - Valence-Ville",,2,,,
OCESN-87726448-87726000,OCESN,"","Montbrison - St-Etienne-Châteaucreux",,3,,,
OCE200739,OCESN,"","Strasbourg - Saverne - Sarrebourg",,2,,,
OCE534,OCESN,"","Belfort -Mulhouse ville",,2,,,
OCE200737,OCESN,"","Haguenau- Strasbourg",,2,,,
OCE637330,OCESN,"","Wissembourg - Strasbourg",,2,,,
OCE619,OCESN,"","Strasbourg - Molsheim",,2,,,
OCE600,OCESN,"","Sarrebrucken - Strasbourg Krimmeri",,2,,,
OCE200731,OCESN,"","Strasbourg - Sélestat Omnibus",,2,,,
OCE200732,OCESN,"","Mulhouse - Colmar Omnibus",,2,,,
OCE596,OCESN,"","Metzeral - Colmar",,2,,,
OCE617093,OCESN,"","Strasbourg - Sélestat via Molsheim",,2,,,
OCE617095,OCESN,"","Strasbourg - Rothau - Saales -St Dié",,2,,,
OCE535,OCESN,"","Mulhouse - Kruth (73500)",,2,,,
OCE200738,OCESN,"","Niederbronn - Strasbourg",,2,,,
OCE329,OCESN,"","Thionville-Longwy",,2,,,
OCESN-87194001-87191007,OCESN,"","Longwy - Thionville",,2,,,
OCE362,OCESN,"","Verdun-Conflans-Hagondange-Metz",,2,,,
OCESN-87141150-87171009,OCESN,"","Lunéville - Reims",,2,,,
OCE773848,OCESN,"","Luneville-Nancy-Bar Le Duc-Reims",,2,,,
OCESN-87144006-87192039,OCESN,"","Epinal - Metz-Ville",,2,,,
OCESN-87192039-87144451,OCESN,"","Metz-Ville - Remiremont",,2,,,
OCE359,OCESN,"","St-Dié-Nancy-Metz",,2,,,
OCE326,OCESN,"","Sarrebourg-Rémilly-Metz",,2,,,
OCE331,OCESN,"","Sarreguemines-Béning -Metz",,2,,,
OCE330,OCESN,"","Sarre-Union-Sarreguemines",,2,,,
OCE200741,OCESN,"","Strasbourg - Nancy",,2,,,
OCE354,OCESN,"","Lunéville-Nancy",,2,,,
OCESN-87141150-87192039,OCESN,"","Lunéville - Metz-Ville",,2,,,
OCE355,OCESN,"","Reims-Bar Le Duc-Nancy",,2,,,
OCE360,OCESN,"","Reims-Bar Le Duc-Metz",,2,,,
OCE364,OCESN,"","St-Dié-Epinal",,2,,,
OCESN-87141002-87191007,OCESN,"","Nancy-Ville - Thionville",,2,,,
OCE701660,OCESN,"","CHARLEVILLE - THIONVILLE",,2,,,
OCE881849,OCESN,"","EPERNAY - CHARLEVILLE",,2,,,
OCE701652,OCESN,"","CHATEAU THIERRY-CHALONS-EPERNAY-REIMS",,2,,,
OCE701650,OCESN,"","CHARLEVILLE-GIVET",,2,,,
OCE701648,OCESN,"","PARIS-ST DIZIER-BAR LE DUC",,2,,,
OCE701651,OCESN,"","FISMES - REIMS",,2,,,
OCESN-87141002-87171009,OCESN,"","Nancy-Ville - Reims",,2,,,
OCE701653,OCESN,"","REIMS-LAON",,2,,,
OCE701656,OCESN,"","CGV-REIMS-DIJON",,2,,,
OCE777845,OCESN,"","CHALONS-CULMONT",,2,,,
OCESN-87142000-87713040,OCESN,"","Chaumont - Dijon-Ville",,2,,,
OCESN-87174003-87171009,OCESN,"","Châlons-en-Champagne - Reims",,2,,,
OCESN-87174003-87713040,OCESN,"","Châlons-en-Champagne - Dijon-Ville",,2,,,
OCESN-87713040-87171009,OCESN,"","Dijon-Ville - Reims",,2,,,
OCESN-87174003-87171553,OCESN,"","Châlons-en-Champagne - Epernay",,2,,,
OCE701657,OCESN,"","CGV-REIMS (Navettes)",,2,,,
OCE697673,OCESN,"","LILLE-VALENCIENNES-AULNOYE-JEUMONT-VALENCIENNES-CAMBRAI",,2,,,
OCESN-87345520-87286005,OCESN,"","Cambrai Ville - Lille Flandres",,2,,,
OCESN-87286005-87343004,OCESN,"","Lille Flandres - Valenciennes",,2,,,
OCE697679,OCESN,"","BUSIGNY-AULNOYE-JEUMONT(p)",,2,,,
OCESN-87295063-87295014,OCESN,"","Hirson - Jeumont",,2,,,
OCE697675,OCESN,"","LILLE-VALENCIENNES-AULNOYE-HIRSON",,2,,,
OCE697688,OCESN,"","LILLE-LENS (Via DON)",,2,,,
OCESN-87286435-87345025,OCESN,"","Don Sainghin - Lens",,2,,,
OCE697671,OCESN,"","ARRAS-ST POL-ETAPLE-CALAIS",,2,,,
OCESN-87317263-87317065,OCESN,"","Calais Ville - Etaples Le Touquet",,2,,,
OCE633148,OCESN,"","LILLE-DON-BETHUNE-ST POL",,2,,,
OCE697635,OCESN,"","RANG DU FLIERS-CALAIS",,2,,,
OCE697623,OCESN,"","ARRAS-DOUAI-LILLE",,2,,,
OCE633130,OCESN,"","BETHUNE-LENS-LILLE (via libercourt)",,2,,,
OCESN-87342006-87286005,OCESN,"","Béthune - Lille Flandres",,2,,,
OCESN-87342105-87286005,OCESN,"","Bully Grenay - Lille Flandres",,2,,,
OCE697684,OCESN,"","BUSIGNY-CAMBRAI-DOUAI-LILLE",,2,,,
OCE633135,OCESN,"","LILLE-DOUAI-VALENCIENNES-CAMBRAI",,2,,,
OCESN-87345009-87345025,OCESN,"","Douai - Lens",,2,,,
OCESN-87345025-87343004,OCESN,"","Lens - Valenciennes",,2,,,
OCE697686,OCESN,"","ST QUENTIN-BUSIGNY-CAMBRAI-DOUAI-LILLE",,2,,,
OCE633124,OCESN,"","LILLE-COMINES",,2,,,
OCE633126,OCESN,"","LILLE-DUNKERQUE",,2,,,
OCE633127,OCESN,"","DUNKERQUE-CALAIS",,2,,,
OCE633129,OCESN,"","LILLE-CALAIS",,2,,,
OCE633125,OCESN,"","ARRAS-HAZEBROUCK-DUNKERQUE",,2,,,
OCE136634,OCESN,"","[HDF29] PARIS - PERSAN BEAUMONT - BEAUVAIS",,2,,,
OCESN-87271007-87276469,OCESN,"","Paris-Nord - Persan-Beaumont",,2,,,
OCESN-87313510-87271007,OCESN,"","Beauvais-Gare-SNCF - Paris-Nord",,2,,,
OCE136635,OCESN,"","[HDF30] BEAUVAIS - ABANCOURT - LE TREPORT(2 sqx-bvs)",,2,,,
OCE232740,OCESN,"","[HDF30B] PARIS - LE TREPORT (2trains)(+3trains à la mer",,2,,,
OCE136637,OCESN,"","[HDF23] PARIS - CREIL",,2,,,
OCE128626,OCESN,"","[HDF28] CREIL - BEAUVAIS",,2,,,
OCE128629,OCESN,"","[HDF24] PARIS - COMPIEGNE - ST QUENTIN",,2,,,
OCE649566,OCESN,"","[HDF02B] AMIENS - ABBEVILLE",,2,,,
OCE128631,OCESN,"","[HDF32] AMIENS - ABBEVILLE - LE TREPORT MERS(5 trains)",,2,,,
OCESN-87317362-87313072,OCESN,"","Abbeville - Albert",,2,,,
OCE132635,OCESN,"","[HDF26] COMPIEGNE - AMIENS",,2,,,
OCESN-87313874-87317263,OCESN,"","Amiens - Calais Ville",,2,,,
OCE697637,OCESN,"","AMIENS-BOULOGNE-CALAIS (Multi)",,2,,,
OCESN-87286005-87411017,OCESN,"","Lille Flandres - Rouen-Rive-Droite",,2,,,
OCESN-87313874-87286005,OCESN,"","Amiens - Lille Flandres",,2,,,
OCE685610,OCESN,"","[HDF31] AMIENS - SERQUEUX",,2,,,
OCESN-87295600-87296012,OCESN,"","Aulnoye Aymeries - Laon",,2,,,
OCE649563,OCESN,"","[HDF19] LAON - HIRSON",,2,,,
OCE685654,OCESN,"","[HDF15] ST QUENTIN - BUSIGNY",,2,,,
OCE532,OCESN,"","[HDF20] PARIS - CREPY - SOISSONS - LAON",,2,,,
OCE516,OCESN,"","Paris / Rouen R.D.",,2,,,
OCE645685,OCESN,"","LE HAVRE ROLLEVILLE",,2,,,
OCESN-87413542-87413013,OCESN,"","Fécamp - Le Havre",,2,,,
OCE645686,OCESN,"","FECAMP LE HAVRE",,2,,,
OCE645687,OCESN,"","ROUEN LE HAVRE",,2,,,
OCE645688,OCESN,"","ELBEUF YVETOT",,2,,,
OCESN-87413344-87413542,OCESN,"","Bréauté-Beuzeville - Fécamp",,2,,,
OCE536,OCESN,"","Paris Evreux Caen",,2,,,
OCE128635,OCESN,"","Rouen R.D. / Dieppe",,2,,,
OCESN-87415018-87411017,OCESN,"","Dieppe - Rouen-Rive-Droite",,2,,,
OCE581,OCESN,"","(Evx) / Lisieux / Caen  / Cherbourg",,2,,,
OCESN-87444414-87444372,OCESN,"","Dives-Cabourg - Trouville-Deauville",,2,,,
OCE584,OCESN,"","(Lx) / Caen / St Lo / Coutances / Granville (Rennes)",,2,,,
OCESN-87444000-87447110,OCESN,"","Caen - Coutances",,2,,,
OCESN-87444000-87471003,OCESN,"","Caen - Rennes",,2,,,
OCESN-87471003-87471359,OCESN,"","Rennes - Retiers",,2,,,
OCE10,OCESN,"","Dol - Saint Brieuc",,2,,,
OCE5,OCESN,"","Rennes - Saint Malo",,2,,,
OCE809861,OCESN,"","Saint Brieuc - Lannion",,2,,,
OCE13,OCESN,"","Quimper - Brest",,2,,,
OCE9,OCESN,"","Morlaix - Roscoff",,2,,,
OCE8,OCESN,"","Saint Brieuc - Brest",,2,,,
OCE164687,OCESN,"","Laval-Vitré-Rennes",,2,,,
OCE12,OCESN,"","Guingamp - Carhaix",,2,,,
OCE11,OCESN,"","Guingamp - Paimpol",,2,,,
OCE7,OCESN,"","Rennes - Saint Brieuc",,2,,,
OCESN-87474007-87473223,OCESN,"","Brest - Lannion",,2,,,
OCE1,OCESN,"","Rennes - Brest",,2,,,
OCE6,OCESN,"","Rennes - Vannes",,2,,,
OCE4,OCESN,"","Redon - Quimper",,2,,,
OCE2,OCESN,"","Rennes - Quimper",,2,,,
OCE123,OCESN,"","Tours- Chateau Du Loir- Le Mans",,2,,,
OCE681596,OCESN,"","Chateau du Loir - Le Mans - Alençon",,2,,,
OCE669700,OCESN,"","Le Mans-Caen",,2,,,
OCESN-87444711-87571000,OCESN,"","Alençon - Tours",,2,,,
OCESN-87444711-87396606,OCESN,"","Alençon - Château-du-Loir",,2,,,
OCE24,OCESN,"","Le Mans - Angers - Nantes",,2,,,
OCE22,OCESN,"","Nantes - Saint-Nazaire - Le Croisic",,2,,,
OCE31,OCESN,"","Le Mans - Le Croisic",,2,,,
OCE669665,OCESN,"","Le Mans-Laval",,2,,,
OCE17,OCESN,"","Le Mans-Rennes",,2,,,
OCESN-87481002-87471003,OCESN,"","Nantes - Rennes",,2,,,
OCESN-87478404-87481002,OCESN,"","Laval - Nantes",,2,,,
OCESN-87481788-87471003,OCESN,"","Le Croisic - Rennes",,2,,,
OCE30,OCESN,"","Nantes - Redon",,2,,,
OCE18,OCESN,"","Nantes - Quimper - Brest",,2,,,
OCE669676,OCESN,"","Nantes-Saumur",,2,,,
OCE26,OCESN,"","Nantes-La Roche sur Yon - Les Sables",,2,,,
OCE669677,OCESN,"","Nantes-Angers-Tours",,2,,,
OCESN-87486332-87486019,OCESN,"","Chantonnay - La Roche-sur-Yon",,2,,,
OCE33,OCESN,"","Thouars - La-Roche-sur-Yon",,2,,,
OCE27,OCESN,"","Nantes - Saint-Gilles-Croix-de-Vie - Pornic",,2,,,
OCE28,OCESN,"","Angers - Cholet",,2,,,
OCE669661,OCESN,"","Nantes - Luçon - La Rochelle",,2,,,
OCE25,OCESN,"","Nantes - Cholet",,2,,,
OCE34,OCESN,"","Orléans - Tours - Nantes - Le Croisic",,2,,,
OCE749844,OCESN,"","Tours - Saumur",,2,,,
OCE99,OCESN,"","La Roche sur Yon - Bressuire - Saumur - Tours",,2,,,
OCESN-87484006-87487009,OCESN,"","Angers-St-Laud - Thouars",,2,,,
OCE121,OCESN,"","Tours Chinon",,2,,,
OCE122,OCESN,"","Tours Loches",,2,,,
OCE705740,OCESN,"","PAZ-ORL",,2,,,
OCE1041886,OCESN,"","Tours Vendôme Châteaudun (Voves - Chartres) Paris Austerlitz",,2,,,
OCESN-87394007-87394494,OCESN,"","Chartres - Courtalain-St-Pellerin",,2,,,
OCESN-87547000-87574558,OCESN,"","Paris-Austerlitz - Vendôme",,2,,,
OCE705738,OCESN,"","Tours - Nevers",,2,,,
OCESN-87576207-87571000,OCESN,"","Bourges - Tours",,2,,,
OCESN-87696005-87571000,OCESN,"","Nevers - Tours",,2,,,
OCE8627,OCESN,"","Dijon - Tours",,2,,,
OCESN-87713040-87571000,OCESN,"","Dijon-Ville - Tours",,2,,,
OCESN-87713040-87576009,OCESN,"","Dijon-Ville - Vierzon",,2,,,
OCESN-87713040-87696005,OCESN,"","Dijon-Ville - Nevers",,2,,,
OCESN-87641001-87576322,OCESN,"","Montluçon-Ville - St-Amand-Montrond-Orval",,2,,,
OCE645595,OCESN,"","Commentry / Montluçon / Vierzon",,2,,,
OCESN-87641415-87641357,OCESN,"","Commentry - Vallon-en-Sully",,2,,,
OCESN-87641415-87576322,OCESN,"","Commentry - St-Amand-Montrond-Orval",,2,,,
OCE645596,OCESN,"","Commentry / Montluçon / Vierzon",,2,,,
OCESN-87576207-87641415,OCESN,"","Bourges - Commentry",,2,,,
OCESN-87641001-87641357,OCESN,"","Montluçon-Ville - Vallon-en-Sully",,2,,,
OCE705739,OCESN,"","Orléans - Nevers",,2,,,
OCE125,OCESN,"","Orleans-Vierzon-Chateauroux- Argenton-Limoges",,2,,,
OCESN-87696005-87543009,OCESN,"","Nevers - Orléans",,2,,,
OCESN-87576207-87543009,OCESN,"","Bourges - Orléans",,2,,,
OCESN-87576207-87696005,OCESN,"","Bourges - Nevers",,2,,,
OCE1041888,OCESN,"","Droué - Chartres - Courtalain",,2,,,
OCE669681,OCESN,"","Le Mans - Nogent",,2,,,
OCESN-87484006-87394007,OCESN,"","Angers-St-Laud - Chartres",,2,,,
OCESN-87396002-87393009,OCESN,"","Le Mans - Versailles-Chantiers",,2,,,
OCESN-87396002-87391003,OCESN,"","Le Mans - Paris-Montparnasse 1-2",,2,,,
OCE77,OCESN,"","Poitiers - Tours",,2,,,
OCE76,OCESN,"","Poitiers - Châtellerault",,2,,,
OCE79,OCESN,"","Poitiers - Angoulême",,2,,,
OCE629119,OCESN,"","Angoulême - Bordeaux",,2,,,
OCE90,OCESN,"","Royan - Angoulême",,2,,,
OCE80,OCESN,"","Poitiers - La Rochelle",,2,,,
OCESN-87486019-87571000,OCESN,"","La Roche-sur-Yon - Tours",,2,,,
OCE83,OCESN,"","La Rochelle Porte Dauphine - Saintes",,2,,,
OCE84,OCESN,"","La Rochelle - Bordeaux",,2,,,
OCESN-87485300-87491803,OCESN,"","Niort - Royan",,2,,,
OCESN-87485300-87491001,OCESN,"","Niort - Saintes",,2,,,
OCE89,OCESN,"","Royan - Niort",,2,,,
OCESN-87583005-87491001,OCESN,"","Angoulême - Saintes",,2,,,
OCESN-87583005-87491803,OCESN,"","Angoulême - Royan",,2,,,
OCE85,OCESN,"","La Rochelle - Angoulême",,2,,,
OCE629118,OCESN,"","St Mariens - Bordeaux",,2,,,
OCESN-87581009-87594499,OCESN,"","Bordeaux-St-Jean - Tulle",,2,,,
OCE104647,OCESN,"","LIMOGES - PERIGUEUX - BORDEAUX",,2,,,
OCE629114,OCESN,"","Sarlat - Bergerac - Bordeaux",,2,,,
OCE629106,OCESN,"","Limoges -Périgueux - Agen",,2,,,
OCE629113,OCESN,"","Bordeaux - Mont de Marsan",,2,,,
OCE629112,OCESN,"","Bordeaux - Le Verdon",,2,,,
OCE629110,OCESN,"","Bordeaux - Arcachon",,2,,,
OCE629108,OCESN,"","Bordeaux - Agen",,2,,,
OCE629115,OCESN,"","Tarbes - Pau - Bayonne",,2,,,
OCESN-87673004-87671008,OCESN,"","Bayonne - Tarbes",,2,,,
OCE629104,OCESN,"","Bordeaux - Dax - Tarbes",,2,,,
OCESN-87581009-87672006,OCESN,"","Bordeaux-St-Jean - Pau",,2,,,
OCE629107,OCESN,"","Bayonne - St Jean Pied de Port",,2,,,
OCE629116,OCESN,"","Pau - Oloron - Bedous",,2,,,
OCESN-87592006-87575001,OCESN,"","Limoges-Bénédictins - Poitiers",,2,,,
OCE116622,OCESN,"","LIMOGES - ANGOULEME",,2,,,
OCESN-87583005-87592006,OCESN,"","Angoulême - Limoges-Bénédictins",,2,,,
OCE104648,OCESN,"","LIMOGES - ST YRIEIX - BRIVE",,2,,,
OCE104652,OCESN,"","BRIVE - TULLE - USSEL - CLERMONT FD",,2,,,
OCESN-87594002-87594093,OCESN,"","Brive-la-Gaillarde - Ussel",,2,,,
OCE104653,OCESN,"","LIMOGES - EYMOUTIERS - USSEL - CLERMONT FD",,2,,,
OCE104651,OCESN,"","LIMOGES -GUERET - MONTLUCON",,2,,,
OCE1077887,OCESN,"","MONTLUCON BORDEAUX",,2,,,
OCE1077888,OCESN,"","USSEL BORDEAUX",,2,,,
OCESN-87595009-87594093,OCESN,"","Périgueux - Ussel",,2,,,
OCESN-87592006-87641001,OCESN,"","Limoges-Bénédictins - Montluçon-Ville",,2,,,
OCE645564,OCESN,"","CHATEAUROUX - ST SEBASTIEN - LIMOGES",,2,,,
OCE104649,OCESN,"","LIMOGES - UZERCHE - BRIVE",,2,,,
OCE4621,OCESN,"","Toulouse / Rodez",,2,,,
OCESN-87613422-87611004,OCESN,"","Rodez - Toulouse-Matabiau",,2,,,
OCE4623,OCESN,"","Brive / Rodez",,2,,,
OCE4618,OCESN,"","Toulouse / Auch",,2,,,
OCESN-87611467-87611004,OCESN,"","Colomiers - Toulouse-Matabiau",,2,,,
OCESN-87611467-87446179,OCESN,"","Colomiers - Saint-Cyprien-Arènes",,2,,,
OCE4627,OCESN,"","Toulouse / Narbonne / Nimes / Cerbère",,2,,,
OCE645731,OCESN,"","" 	Toulouse / Figeac "",,2,,,
OCE645732,OCESN,"","" 	Toulouse / Figeac / Aurillac"",,2,,,
OCESN-87613109-87611004,OCESN,"","Capdenac - Toulouse-Matabiau",,2,,,
OCESN-87645002-87611004,OCESN,"","Aurillac - Toulouse-Matabiau",,2,,,
OCE4619,OCESN,"","Toulouse / Latour de Carol",,2,,,
OCESN-87611533-87611004,OCESN,"","Ax-les-Thermes - Toulouse-Matabiau",,2,,,
OCE4629,OCESN,"","Toulouse / Brive",,2,,,
OCE4630,OCESN,"","Toulouse / Agen / Bordeaux",,2,,,
OCESN-87615245-87611004,OCESN,"","Tessonnières - Toulouse-Matabiau",,2,,,
OCESN-87615542-87611004,OCESN,"","Mazamet - Toulouse-Matabiau",,2,,,
OCESN-87615344-87611004,OCESN,"","St-Sulpice (Tarn) - Toulouse-Matabiau",,2,,,
OCE4626,OCESN,"","Toulouse / Luchon / Pau",,2,,,
OCESN-87611095-87611004,OCESN,"","Boussens - Toulouse-Matabiau",,2,,,
OCE384859,OCESN,"","Clermont Fd / Durtol / Volvic (ligne 14)",,2,,,
OCE388859,OCESN,"","Thiers / Clermont (ligne 6)",,2,,,
OCE384849,OCESN,"","Clermont Fd / Vic / Issoire / Brioude (ligne 1)",,2,,,
OCESN-87645002-87645507,OCESN,"","Aurillac - Neussargues",,2,,,
OCESN-87594002-87645507,OCESN,"","Brive-la-Gaillarde - Neussargues",,2,,,
OCESN-87734251-87734004,OCESN,"","Arvant - Clermont-Ferrand",,2,,,
OCESN-87734004-87734319,OCESN,"","Clermont-Ferrand - Langeac",,2,,,
OCE384862,OCESN,"","Clermont Fd / Nimes (ligne 4)",,2,,,
OCE645562,OCESN,"","Clermont Nîmes Multi Activité",,2,,,
OCESN-87734350-87775007,OCESN,"","Langogne - Nîmes",,2,,,
OCESN-87734004-87775007,OCESN,"","Clermont-Ferrand - Nîmes",,2,,,
OCE384856,OCESN,"","Clermont Fd pass nord / sud",,2,,,
OCE649569,OCESN,"","Dijon / Clermont Multi-Activités",,2,,,
OCESN-87722025-87726802,OCESN,"","Lyon-Perrache - Roanne",,2,,,
OCE645563,OCESN,"","Clermont / Roanne / Lyon",,2,,,
OCESN-87775007-87611004,OCESN,"","Nîmes - Toulouse-Matabiau",,2,,,
OCESN-87781005-87775007,OCESN,"","Béziers - Nîmes",,2,,,
OCESN-87781104-87611004,OCESN,"","Narbonne - Toulouse-Matabiau",,2,,,
OCESN-87765008-87611004,OCESN,"","Avignon-Centre - Toulouse-Matabiau",,2,,,
OCESN-87615286-87775007,OCESN,"","Carcassonne - Nîmes",,2,,,
OCESN-87751008-87773002,OCESN,"","Marseille-St-Charles - Montpellier-Saint-Roch",,2,,,
OCESN-87751008-87781104,OCESN,"","Marseille-St-Charles - Narbonne",,2,,,
OCESN-87781005-87751008,OCESN,"","Béziers - Marseille-St-Charles",,2,,,
OCESN-87751008-87775007,OCESN,"","Marseille-St-Charles - Nîmes",,2,,,
OCESN-87773002-87781104,OCESN,"","Montpellier-Saint-Roch - Narbonne",,2,,,
OCESN-87785006-87773002,OCESN,"","Cerbère - Montpellier-Saint-Roch",,2,,,
OCESN-87785006-87751008,OCESN,"","Cerbère - Marseille-St-Charles",,2,,,
OCESN-87785006-87781104,OCESN,"","Cerbère - Narbonne",,2,,,
OCESN-87765008-87781005,OCESN,"","Avignon-Centre - Béziers",,2,,,
OCESN-87765008-87775007,OCESN,"","Avignon-Centre - Nîmes",,2,,,
OCESN-87773002-87775007,OCESN,"","Montpellier-Saint-Roch - Nîmes",,2,,,
OCESN-87773002-87784009,OCESN,"","Montpellier-Saint-Roch - Perpignan",,2,,,
OCESN-87781104-87784009,OCESN,"","Narbonne - Perpignan",,2,,,
OCE651,OCESN,"","Nîmes-Mende-St Chély d'Apcher",,2,,,
OCE124628,OCESN,"","Directs  NA AL MDE",,2,,,
OCESN-87775171-87775007,OCESN,"","La Bastide-St-Laurent - Nîmes",,2,,,
OCESN-87775213-87775007,OCESN,"","Génolhac - Nîmes",,2,,,
OCESN-87775288-87773002,OCESN,"","Alès - Montpellier-Saint-Roch",,2,,,
OCESN-87775288-87775007,OCESN,"","Alès - Nîmes",,2,,,
OCESN-87775288-87781104,OCESN,"","Alès - Narbonne",,2,,,
OCESN-87775213-87781104,OCESN,"","Génolhac - Narbonne",,2,,,
OCE644,OCESN,"","Nîmes-Le Grau du Roi",,2,,,
OCESN-87775866-87775007,OCESN,"","Le Grau-du-Roi - Nîmes",,2,,,
OCE646,OCESN,"","Perpignan-Villefranche",,2,,,
OCE643,OCESN,"","Carcassonne-Quillan",,2,,,
OCESN-87783605-87775007,OCESN,"","Mende - Nîmes",,2,,,
OCESN-87783605-87781104,OCESN,"","Mende - Narbonne",,2,,,
OCE652,OCESN,"","Béziers-Neussargues",,2,,,
OCESN-87773002-87783241,OCESN,"","Montpellier-Saint-Roch - St-Chély-d'Apcher",,2,,,
OCESN-87765008-87318964,OCESN,"","Avignon-Centre - Avignon-TGV",,2,,,
OCESN-87318964-87751008,OCESN,"","Avignon-TGV - Marseille-St-Charles",,2,,,
OCESN-87318964-87753004,OCESN,"","Avignon-TGV - Miramas",,2,,,
OCESN-87765008-87753004,OCESN,"","Avignon-Centre - Miramas",,2,,,
OCE705966,OCESN,"","MARSEILLE/MIRAMAS via PDB",,2,,,
OCE340,OCESN,"","MARSEILLE/AIX/PERTUIS",,2,,,
OCE343,OCESN,"","IC MARSEILLE/SISTERON/BRIANCON + GAP/BRI",,2,,,
OCE336,OCESN,"","MARSEILLE/LES ARCS",,2,,,
OCESN-87757617-87756403,OCESN,"","Cannes-la-Bocca - Monaco-Monte-Carlo",,2,,,
OCESN-87756403-87756056,OCESN,"","Monaco-Monte-Carlo - Nice-Ville",,2,,,
OCESN-87756486-87756056,OCESN,"","Menton - Nice-Ville",,2,,,
OCESN-87757617-87756486,OCESN,"","Cannes-la-Bocca - Menton",,2,,,
OCE317,OCESN,"","NICE/TENDE",,2,,,
OCE312847,OCESN,"","AVIGNON TOULON",,2,,,
OCE204,OCESN,"","Macon - Bourg-en-Bresse - Ambérieu",,2,,,
OCESN-87741793-87723197,OCESN,"","Bourg-St-Maurice - Lyon-Part-Dieu",,2,,,
OCE64,OCESN,"","Ambérieu - Chambéry",,2,,,
OCE48,OCESN,"","Annecy - Chambéry",,2,,,
OCE63,OCESN,"","Annecy - St Gervais",,2,,,
OCE61,OCESN,"","Annemasse - Annecy",,2,,,
OCESN-87745497-87746479,OCESN,"","Annemasse - St-Gervais-L-B-Le-Fayet",,2,,,
OCESN-87745000-87746479,OCESN,"","Bellegarde-Gare - St-Gervais-L-B-Le-Fayet",,2,,,
OCESN-87745679-87722025,OCESN,"","Evian-les-Bains - Lyon-Perrache",,2,,,
OCESN-87722025-87746479,OCESN,"","Lyon-Perrache - St-Gervais-L-B-Le-Fayet",,2,,,
OCESN-87747402-87761007,OCESN,"","Grenoble U.-Gières - Valence-Ville",,2,,,
OCESN-87747006-87747402,OCESN,"","Grenoble - Grenoble U.-Gières",,2,,,
OCE70,OCESN,"","Chambéry - St Marcellin - Valence",,2,,,
OCE160695,OCESN,"","Lyon - St-André-le-Gaz - Grenoble Gières",,2,,,
OCE160696,OCESN,"","SAG - Rives - Grenoble Gières - Chambéry",,2,,,
OCE645617,OCESN,"","Grenoble - Gap - Briancon Multi Activités",,2,,,
OCE645618,OCESN,"","Grenoble - Veynes",,2,,,
OCESN-87741009-87747246,OCESN,"","Chambéry-Chal.-les-Eaux - Rives",,2,,,
OCESN-87741009-87723494,OCESN,"","Chambéry-Chal.-les-Eaux - St-André-le-Gaz",,2,,,
OCESN-87747006-87747246,OCESN,"","Grenoble - Rives",,2,,,
OCESN-87747006-87723494,OCESN,"","Grenoble - St-André-le-Gaz",,2,,,
OCESN-87747402-87723494,OCESN,"","Grenoble U.-Gières - St-André-le-Gaz",,2,,,
OCE160689,OCESN,"","Macon - Valence - (Pierrelatte)",,2,,,
OCE160687,OCESN,"","(Macon) - Lyon - Avignon Multi Activités",,2,,,
OCE156707,OCESN,"","Firminy - St-Etienne - Lyon",,2,,,
OCE2222222,OCESN,"","Firminy - St-Etienne - Lyon",,2,,,
OCESN-87743005-87743534,OCESN,"","Bourg-en-Bresse - Oyonnax",,2,,,
OCESN-87722025-87743534,OCESN,"","Lyon-Perrache - Oyonnax",,2,,,
OCE56,OCESN,"","Lyon - Bourg-en-Bresse (via Villars)",,2,,,
OCESN-87743005-87722025,OCESN,"","Bourg-en-Bresse - Lyon-Perrache",,2,,,
OCE201,OCESN,"","Roanne - Lyon",,2,,,
OCESN-87723197-87726000,OCESN,"","Lyon-Part-Dieu - St-Etienne-Châteaucreux",,2,,,
OCESN-87743716-87726000,OCESN,"","Ambérieu-en-Bugey - St-Etienne-Châteaucreux",,2,,,
OCESN-87743716-87723197,OCESN,"","Ambérieu-en-Bugey - Lyon-Part-Dieu",,2,,,
OCESN-87743716-87726729,OCESN,"","Ambérieu-en-Bugey - Firminy",,2,,,
OCE202,OCESN,"","Roanne - St-Etienne",,2,,,
OCE12627,OCESN,"","Villefranche - Lyon - Vienne",,2,,,
OCE203,OCESN,"","Montbrison - St-Etienne",,2,,,
OCE156708,OCESN,"","Le Puy - Lyon",,2,,,
OCESN-87734699-87723197,OCESN,"","Le Puy-en-Velay - Lyon-Part-Dieu",,2,,,
OCESN-87734699-87726000,OCESN,"","Le Puy-en-Velay - St-Etienne-Châteaucreux",,2,,,
OCESN-87726729-87723197,OCESN,"","Firminy - Lyon-Part-Dieu",,2,,,
OCE726006,OCESN,"","Paris Lyon - Laroche (omnibus)",,2,,,
OCESN-87683573-87686667,OCESN,"","Auxerre-St-Gervais - Paris-Bercy",,2,,,
OCESN-87696807-87686667,OCESN,"","Clamecy - Paris-Bercy",,2,,,
OCESN-87683268-87686667,OCESN,"","Laroche-Migennes - Paris-Bercy",,2,,,
OCESN-87683789-87686667,OCESN,"","Avallon - Paris-Bercy",,2,,,
OCE873849,OCESN,"","Auxerre - Dijon",,2,,,
OCE873850,OCESN,"","Laroche - Dijon",,2,,,
OCE725921,OCESN,"","Dijon - Chalon - Mâcon",,2,,,
OCESN-87683573-87683268,OCESN,"","Auxerre-St-Gervais - Laroche-Migennes",,2,,,
OCE725928,OCESN,"","Etang - Autun",,2,,,
OCESN-87683789-87683268,OCESN,"","Avallon - Laroche-Migennes",,2,,,
OCESN-87734004-87713040,OCESN,"","Clermont-Ferrand - Dijon-Ville",,2,,,
OCESN-87694570-87713040,OCESN,"","Autun - Dijon-Ville",,2,,,
OCE717917,OCESN,"","Chalon - Montchanin - Paray",,2,,,
OCESN-87694570-87696005,OCESN,"","Autun - Nevers",,2,,,
OCE1109941,OCESN,"","Decize - Nevers - Moulins",,2,,,
OCESN-87696484-87696328,OCESN,"","Decize - Moulins-sur-Allier",,2,,,
OCESN-87696328-87696005,OCESN,"","Moulins-sur-Allier - Nevers",,2,,,
OCE725906,OCESN,"","Nevers - Paray - Lyon (Multi-Activités)",,2,,,
OCE316845,OCESN,"","Belfort - Dijon",,2,,,
OCE334,OCESN,"","Belfort  Vesoul - Belfort  Epinal",,2,,,
OCESN-87300863-87718007,OCESN,"","Besançon-Franche-Comté - Besançon-Viotte",,2,,,
OCESN-87718007-87743633,OCESN,"","Besançon-Viotte - St-Claude",,2,,,
OCESN-87715102-87743633,OCESN,"","Andelot - St-Claude",,2,,,
OCESN-87718007-87718833,OCESN,"","Besançon-Viotte - Mouchard",,2,,,
OCESN-87715102-87718007,OCESN,"","Andelot - Besançon-Viotte",,2,,,
OCESN-87718007-87722025,OCESN,"","Besançon-Viotte - Lyon-Perrache",,2,,,
OCESN-87718007-87723197,OCESN,"","Besançon-Viotte - Lyon-Part-Dieu",,2,,,
OCESN-87718239-87722025,OCESN,"","Lons-le-Saunier - Lyon-Perrache",,2,,,
OCE645568,OCESN,"","Belfort - Lyon Multi-activités",,2,,,
OCESN-87184002-87722025,OCESN,"","Belfort-Ville - Lyon-Perrache",,2,,,
OCESN-87184002-87723197,OCESN,"","Belfort-Ville - Lyon-Part-Dieu",,2,,,
OCESN-87184002-87743005,OCESN,"","Belfort-Ville - Bourg-en-Bresse",,2,,,
OCESN-87184002-87718239,OCESN,"","Belfort-Ville - Lons-le-Saunier",,2,,,
OCESN-87718007-87743005,OCESN,"","Besançon-Viotte - Bourg-en-Bresse",,2,,,
OCESN-87718007-87718239,OCESN,"","Besançon-Viotte - Lons-le-Saunier",,2,,,
OCEZW-87576025-87543165,OCESN,"","Romorantin-Blanc-Argent - Salbris",,2,,,
OCEZW-87576025-87576215,OCESN,"","Romorantin-Blanc-Argent - Valençay",,2,,,
OCEZW-87543165-87576215,OCESN,"","Salbris - Valençay",,2,,,
